{"schemaVersion":"1.0","appDefinitionTemplate":{"id":"/providers/Microsoft.PowerApps/apps/","type":"Microsoft.PowerApps/apps","tags":{"primaryDeviceWidth":"768","primaryDeviceHeight":"1024","supportsPortrait":"true","supportsLandscape":"false","primaryFormFactor":"Tablet","showStatusBar":"false","publisherVersion":"3.24091.13","minimumRequiredApiVersion":"2.2.0","hasComponent":"false","hasUnlockedComponent":"false","isUnifiedRootApp":"false","sienaVersion":"20240911T051228Z-3.24091.13.0"},"properties":{"appVersion":"2024-09-11T05:12:28Z","lifeCycleId":"Published","createdByClientVersion":{"major":3,"minor":24091,"build":13,"revision":0,"majorRevision":0,"minorRevision":0},"minClientVersion":{"major":3,"minor":24091,"build":13,"revision":0,"majorRevision":0,"minorRevision":0},"backgroundColor":"RGBA(0,176,240,1)","backgroundImageUri":"/10598890843166069952/N744dcc25-f9a8-4609-9a8b-91876b90ef6a-logoSmallFile","displayName":"Visitor Registration app","description":"","commitMessage":"","appUris":{"documentUri":{"value":"/10598890843166069952/N1a6f5a46-bca3-4bb8-bcf4-5fdb0911a866-document.msapp"},"imageUris":[],"additionalUris":[{"isSolutionAware":false,"value":"/10598890843166069952/N5cb4854b-0a3c-4556-8909-6b3495e54cbd-identity.json"}]},"createdTime":"0001-01-01T00:00:00Z","lastModifiedTime":"0001-01-01T00:00:00Z","sharedGroupsCount":0,"sharedUsersCount":0,"connectionReferences":{"871c1cfc-768b-4109-84f7-4d3d1e201113":{"id":"9ad45f82-cf1d-4e73-bbe4-9c8b99727a8d","displayName":"Office 365 Users","iconUri":"https://connectoricons-prod.azureedge.net/releases/v1.0.1702/1.0.1702.3810/office365users/icon.png","dataSources":["Office365Users"],"dependencies":[],"dependents":[],"parameterHints":{},"parameterHintsV2":{},"isOnPremiseConnection":false,"bypassConsent":false,"dataSets":{},"apiTier":"Standard","isCustomApiConnection":false,"actions":["UserProfile","SearchUserV2"]},"2eb23f91-7668-463e-ba76-fab7f6f22b4f":{"id":"816fc8c6-0afd-4a05-be90-830947f54244","displayName":"Office 365 Outlook","iconUri":"https://connectoricons-prod.azureedge.net/releases/v1.0.1706/1.0.1706.3850/office365/icon.png","dataSources":["Office365Outlook"],"dependencies":[],"dependents":[],"parameterHints":{},"parameterHintsV2":{},"isOnPremiseConnection":false,"bypassConsent":false,"dataSets":{},"apiTier":"Standard","isCustomApiConnection":false,"actions":["SendEmailV2"]},"22c8d558-ad6e-4276-a4cb-334344b3c9e6":{"id":"f52040dc-b3ba-4ab7-9fe3-fbb2e80632fe","displayName":"Microsoft Teams","iconUri":"https://connectoricons-prod.azureedge.net/releases/v1.0.1705/1.0.1705.3833/teams/icon.png","dataSources":["MicrosoftTeams"],"dependencies":[],"dependents":[],"parameterHints":{},"parameterHintsV2":{},"isOnPremiseConnection":false,"bypassConsent":false,"dataSets":{},"apiTier":"Standard","isCustomApiConnection":false,"actions":["CreateChat","PostMessageToConversation"]}},"databaseReferences":{"default.cds":{"databaseDetails":{"referenceType":"Environmental","environmentName":"default.cds","overrideValues":{"status":"NotSpecified","environmentVariableName":""}},"dataSources":{"Visitor Registrations":{"entitySetName":"cra0b_visitorregistrations","logicalName":"cra0b_visitorregistration","isHidden":false},"Users":{"entitySetName":"systemusers","logicalName":"systemuser","isHidden":false}},"actions":["providers/PowerPlatform.Governance/Operations/Read","providers/PowerPlatform.Governance/Operations/Write"]}},"almMode":"Environment","performanceOptimizationEnabled":false,"canConsumeAppPass":false,"enableModernRuntimeMode":false,"executionRestrictions":{"isTeamsOnly":false,"dataLossPreventionEvaluationResult":{"status":"Compliant","lastEvaluationDate":"2024-09-11T03:38:49.1437516Z","violations":[],"violationsByPolicy":[],"violationErrorMessage":"The app uses the following connectors: shared_office365users, shared_office365, shared_teams, shared_commondataservice."}}},"appType":"ClassicCanvasApp","appComponents":[]}}