﻿"cra0b_buildin","cra0b_checkin","cra0b_company","cra0b_photoid","cra0b_disclai","cra0b_emailad","cra0b_fullnam","importsequencenumber","cra0b_notes","cra0b_phonenu","cra0b_photo","cra0b_primary","cra0b_staff","statuscode","statecode","timezoneruleversionnumber","utcconversiontimezonecode","versionnumber","cra0b_visitor","cra0b_visitorrea2936id","owningbusinessunit"
"48488","2022-01-02 09:00:00.0000000","Finance","","False","mary.smith@example.com","Mary Smith","","","987-654-3210","","Mary","Staff 2","1","0","4","","1920345","2","b8e8abe8-9964-ef11-a671-000d3aca249d","c2964005-ee61-ef11-a670-000d3af20926"
"48487","2022-01-01 08:00:00.0000000","Technology","","False","john.doe@example.com","John Doe","","","123-456-7890","","John","Staff 1","1","0","4","","1920344","1","b2e8abe8-9964-ef11-a671-000d3aca249d","c2964005-ee61-ef11-a670-000d3af20926"
"48488","2022-01-05 12:00:00.0000000","Education","","False","eve.williams@example.com","Eve Williams","","","012-345-6789","","Eve","Staff 5","1","0","4","","1920342","5","bee8abe8-9964-ef11-a671-000d3aca249d","c2964005-ee61-ef11-a670-000d3af20926"
"48487","2022-01-04 11:00:00.0000000","Retail","","False","bob.brown@example.com","Bob Brown","","","789-012-3456","","Bob","Staff 4","1","0","4","","1920341","4","bce8abe8-9964-ef11-a671-000d3aca249d","c2964005-ee61-ef11-a670-000d3af20926"
"48489","2022-01-03 10:00:00.0000000","Healthcare","","False","alice.johnson@example.com","Alice Johnson","","","456-789-0123","","Alice","Staff 3","1","0","4","","1920338","3","bae8abe8-9964-ef11-a671-000d3aca249d","c2964005-ee61-ef11-a670-000d3af20926"
